{
  "name": "Auto Save Points",
  "description": "Have the game auto save after completing a user defined amount of missions. Default is 2 completed missions.",
  "dll_file": "",
  "last_edit": 638223856775332796,
  "pub_id": "",
  "json_version": "",
  "version": "2.0.0",
  "tagline": "It's a Checkpoint System, but worse",
  "repository": "https://github.com/mattidg/VTOLVR-Auto-Save-Points",
  "is_public": true,
  "unlisted": false,
  "preview_image": "preview.png",
  "web_preview_image": "web_preview.png",
  "dependencies": [],
  "mod_dependencies": null,
  "menu_mod": false,
  "ContentType": 3
}